"","notes._notes","notes._index","notes._parent_index","notes._parent_table","notes.Data_type","notes._id"
"1",NA,1,1,"main","_notes",163622967
"2",NA,1,2,"main","_notes",189066260
"3",NA,1,3,"main","_notes",189469011
"4",NA,1,4,"main","_notes",189528021
"5",NA,1,5,"main","_notes",189528140
"6",NA,1,6,"main","_notes",189528190
"7",NA,1,7,"main","_notes",189528232
"8",NA,1,8,"main","_notes",189529455
"9",NA,1,9,"main","_notes",189530391
"10",NA,1,10,"main","_notes",189531213
"11",NA,1,11,"main","_notes",189532405
"12",NA,1,12,"main","_notes",189551226
"13",NA,1,13,"main","_notes",189563709
"14",NA,1,14,"main","_notes",189663249
"15",NA,1,15,"main","_notes",189663315
"16",NA,1,16,"main","_notes",189663334
"17",NA,1,17,"main","_notes",189663359
"18",NA,1,18,"main","_notes",189663391
"19",NA,1,19,"main","_notes",189725199
"20",NA,1,20,"main","_notes",190955924
"21",NA,1,21,"main","_notes",190955945
"22",NA,1,22,"main","_notes",190955967
"23",NA,1,23,"main","_notes",190955982
"24",NA,1,24,"main","_notes",190956010
"25",NA,1,25,"main","_notes",190956049
"26",NA,1,26,"main","_notes",190956064
"27",NA,1,27,"main","_notes",190956088
"28",NA,1,28,"main","_notes",190956140
"29",NA,1,29,"main","_notes",190956170
"30",NA,1,30,"main","_notes",190956190
"31",NA,1,31,"main","_notes",190956218
"32",NA,1,32,"main","_notes",190956247
"33",NA,1,33,"main","_notes",190956306
"34",NA,1,34,"main","_notes",190956376
"35",NA,1,35,"main","_notes",190956404
"36",NA,1,36,"main","_notes",190956437
"37",NA,1,37,"main","_notes",190956468
"38",NA,1,38,"main","_notes",190956469
"39",NA,1,39,"main","_notes",190956488
"40",NA,1,40,"main","_notes",206438443
"41",NA,1,41,"main","_notes",206440717
"42",NA,1,42,"main","_notes",209222202
"43",NA,1,43,"main","_notes",209227370
"44",NA,1,44,"main","_notes",209230939
"45",NA,1,45,"main","_notes",221701339
"46",NA,1,46,"main","_notes",221702505
"47",NA,1,47,"main","_notes",221706815
"48",NA,1,48,"main","_notes",221722552
"49",NA,1,49,"main","_notes",221732781
"50",NA,1,50,"main","_notes",223397416
"51",NA,1,51,"main","_notes",224763824
"52",NA,1,52,"main","_notes",225333314
"53",NA,1,53,"main","_notes",225333642
"54",NA,1,54,"main","_notes",225428768
"55",NA,1,55,"main","_notes",225494696
"56",NA,1,56,"main","_notes",225495251
"57",NA,1,57,"main","_notes",226154755
"58",NA,1,58,"main","_notes",226156574
"59",NA,1,59,"main","_notes",227314389
"60",NA,1,60,"main","_notes",227314781
"61",NA,1,61,"main","_notes",227315654
"62",NA,1,62,"main","_notes",227316281
"63",NA,1,63,"main","_notes",227317741
"64",NA,1,64,"main","_notes",228159173
"65",NA,1,65,"main","_notes",228159634
"66",NA,1,66,"main","_notes",228160743
"67",NA,1,67,"main","_notes",228208377
"68",NA,1,68,"main","_notes",229302062
"69",NA,1,69,"main","_notes",229302073
"70",NA,1,70,"main","_notes",229302368
"71",NA,1,71,"main","_notes",229302428
"72",NA,1,72,"main","_notes",229302486
"73",NA,1,73,"main","_notes",229320308
"74",NA,1,74,"main","_notes",229320531
"75",NA,1,75,"main","_notes",229320694
"76",NA,1,76,"main","_notes",229320895
"77",NA,1,77,"main","_notes",229321374
"78",NA,1,78,"main","_notes",229321584
"79",NA,1,79,"main","_notes",229321703
"80",NA,1,80,"main","_notes",229321864
"81",NA,1,81,"main","_notes",229321982
"82",NA,1,82,"main","_notes",229322068
"83",NA,1,83,"main","_notes",229325338
"84",NA,1,84,"main","_notes",229325609
"85",NA,1,85,"main","_notes",229325806
"86",NA,1,86,"main","_notes",229325946
"87",NA,1,87,"main","_notes",229326124
"88",NA,1,88,"main","_notes",229326523
"89",NA,1,89,"main","_notes",229326643
"90",NA,1,90,"main","_notes",229326727
"91",NA,1,91,"main","_notes",229326839
"92",NA,1,92,"main","_notes",229327028
"93",NA,1,93,"main","_notes",229327138
"94",NA,1,94,"main","_notes",229426328
"95",NA,1,95,"main","_notes",229426361
"96",NA,1,96,"main","_notes",229426380
"97",NA,1,97,"main","_notes",229426408
"98",NA,1,98,"main","_notes",229426458
"99",NA,1,99,"main","_notes",229426516
"100",NA,1,100,"main","_notes",229426542
"101",NA,1,101,"main","_notes",229426589
"102",NA,1,102,"main","_notes",229426624
"103",NA,1,103,"main","_notes",229426644
"104",NA,1,104,"main","_notes",229844564
"105",NA,1,105,"main","_notes",232553701
"106",NA,1,106,"main","_notes",232553738
"107",NA,1,107,"main","_notes",232553842
"108",NA,1,108,"main","_notes",232554131
"109",NA,1,109,"main","_notes",232554307
"110",NA,1,110,"main","_notes",232554472
"111",NA,1,111,"main","_notes",232554606
"112",NA,1,112,"main","_notes",232554779
"113",NA,1,113,"main","_notes",232555069
"114",NA,1,114,"main","_notes",232555260
"115",NA,1,115,"main","_notes",232555418
"116",NA,1,116,"main","_notes",232555570
"117",NA,1,117,"main","_notes",232556156
"118",NA,1,118,"main","_notes",232556207
"119",NA,1,119,"main","_notes",232556252
"120",NA,1,120,"main","_notes",232556387
"121",NA,1,121,"main","_notes",232556509
"122",NA,1,122,"main","_notes",232556710
"123",NA,1,123,"main","_notes",232556854
"124",NA,1,124,"main","_notes",232557364
"125",NA,1,125,"main","_notes",232557424
"126",NA,1,126,"main","_notes",232557509
"127",NA,1,127,"main","_notes",232557775
"128",NA,1,128,"main","_notes",232557910
"129",NA,1,129,"main","_notes",232558061
"130",NA,1,130,"main","_notes",232558609
"131",NA,1,131,"main","_notes",232558652
"132",NA,1,132,"main","_notes",232558769
"133",NA,1,133,"main","_notes",232559067
"134",NA,1,134,"main","_notes",232559277
"135",NA,1,135,"main","_notes",232559459
"136",NA,1,136,"main","_notes",232559601
"137",NA,1,137,"main","_notes",232559850
"138",NA,1,138,"main","_notes",232560095
"139",NA,1,139,"main","_notes",232560330
"140",NA,1,140,"main","_notes",232560451
"141",NA,1,141,"main","_notes",232560674
"142",NA,1,142,"main","_notes",232560864
"143",NA,1,143,"main","_notes",232561773
"144",NA,1,144,"main","_notes",232561828
"145",NA,1,145,"main","_notes",232561903
"146",NA,1,146,"main","_notes",232562121
"147",NA,1,147,"main","_notes",232562521
"148",NA,1,148,"main","_notes",232562628
"149",NA,1,149,"main","_notes",232562984
"150",NA,1,150,"main","_notes",232563270
"151",NA,1,151,"main","_notes",232563463
"152",NA,1,152,"main","_notes",232563695
"153",NA,1,153,"main","_notes",232564062
"154",NA,1,154,"main","_notes",232564140
"155",NA,1,155,"main","_notes",232742742
"156",NA,1,156,"main","_notes",232748411
"157",NA,1,157,"main","_notes",232759960
"158",NA,1,158,"main","_notes",232761648
"159",NA,1,159,"main","_notes",232763212
"160",NA,1,160,"main","_notes",232765841
"161",NA,1,161,"main","_notes",232772835
"162",NA,1,162,"main","_notes",232774002
"163",NA,1,163,"main","_notes",233374663
"164",NA,1,164,"main","_notes",233376047
"165",NA,1,165,"main","_notes",233824460
"166",NA,1,166,"main","_notes",234002648
"167",NA,1,167,"main","_notes",234003097
"168",NA,1,168,"main","_notes",234003325
"169",NA,1,169,"main","_notes",234003702
"170",NA,1,170,"main","_notes",234003893
"171",NA,1,171,"main","_notes",234109332
"172",NA,1,172,"main","_notes",234120402
"173",NA,1,173,"main","_notes",234239079
"174",NA,1,174,"main","_notes",234239174
"175",NA,1,175,"main","_notes",234239276
"176",NA,1,176,"main","_notes",234239456
"177",NA,1,177,"main","_notes",234239557
"178",NA,1,178,"main","_notes",236557809
"179",NA,1,179,"main","_notes",236562121
"180",NA,1,180,"main","_notes",237026240
"181",NA,1,181,"main","_notes",237048474
"182",NA,1,182,"main","_notes",237049294
"183",NA,1,183,"main","_notes",237050103
"184",NA,1,184,"main","_notes",237050680
"185",NA,1,185,"main","_notes",237051087
"186",NA,1,186,"main","_notes",237373918
"187",NA,1,187,"main","_notes",237380196
"188",NA,1,188,"main","_notes",237380638
"189",NA,1,189,"main","_notes",238139120
"190",NA,1,190,"main","_notes",238176696
"191",NA,1,191,"main","_notes",238177258
"192",NA,1,192,"main","_notes",238177710
"193",NA,1,193,"main","_notes",238178314
"194",NA,1,194,"main","_notes",238178715
"195",NA,1,195,"main","_notes",238178815
"196",NA,1,196,"main","_notes",238178981
"197",NA,1,197,"main","_notes",238179310
"198",NA,1,198,"main","_notes",238179537
"199",NA,1,199,"main","_notes",238179857
"200",NA,1,200,"main","_notes",238180301
"201",NA,1,201,"main","_notes",238180775
"202",NA,1,202,"main","_notes",238181271
"203",NA,1,203,"main","_notes",238181726
"204",NA,1,204,"main","_notes",238182323
"205",NA,1,205,"main","_notes",238182583
"206",NA,1,206,"main","_notes",238182858
"207",NA,1,207,"main","_notes",238183139
"208",NA,1,208,"main","_notes",238183268
"209",NA,1,209,"main","_notes",238183598
"210",NA,1,210,"main","_notes",238183776
"211",NA,1,211,"main","_notes",238183904
"212",NA,1,212,"main","_notes",238184099
"213",NA,1,213,"main","_notes",238184230
"214",NA,1,214,"main","_notes",238184424
"215",NA,1,215,"main","_notes",238184728
"216",NA,1,216,"main","_notes",238184996
"217",NA,1,217,"main","_notes",238185148
"218",NA,1,218,"main","_notes",238185392
"219",NA,1,219,"main","_notes",238208432
"220",NA,1,220,"main","_notes",238208617
"221",NA,1,221,"main","_notes",238208874
"222",NA,1,222,"main","_notes",238209936
"223",NA,1,223,"main","_notes",238473118
"224",NA,1,224,"main","_notes",238475473
"225",NA,1,225,"main","_notes",238476056
"226",NA,1,226,"main","_notes",238477042
"227",NA,1,227,"main","_notes",238477539
"228",NA,1,228,"main","_notes",238477911
"229",NA,1,229,"main","_notes",238478406
"230",NA,1,230,"main","_notes",238483484
"231",NA,1,231,"main","_notes",238484460
"232",NA,1,232,"main","_notes",238485198
"233",NA,1,233,"main","_notes",238485882
"234",NA,1,234,"main","_notes",238486481
"235",NA,1,235,"main","_notes",238554014
"236",NA,1,236,"main","_notes",238554142
"237",NA,1,237,"main","_notes",238554264
"238",NA,1,238,"main","_notes",238719004
"239",NA,1,239,"main","_notes",238720602
"240",NA,1,240,"main","_notes",238722174
"241",NA,1,241,"main","_notes",238723331
"242",NA,1,242,"main","_notes",238724237
"243",NA,1,243,"main","_notes",238752294
"244",NA,1,244,"main","_notes",238756327
"245",NA,1,245,"main","_notes",238757709
"246",NA,1,246,"main","_notes",238761778
"247",NA,1,247,"main","_notes",238936572
"248",NA,1,248,"main","_notes",238936694
"249",NA,1,249,"main","_notes",238936842
"250",NA,1,250,"main","_notes",238936903
"251",NA,1,251,"main","_notes",238936980
"252",NA,1,252,"main","_notes",238937037
"253",NA,1,253,"main","_notes",238937366
"254",NA,1,254,"main","_notes",238937474
"255",NA,1,255,"main","_notes",238937633
"256",NA,1,256,"main","_notes",238937881
"257",NA,1,257,"main","_notes",238938047
"258",NA,1,258,"main","_notes",238938250
"259",NA,1,259,"main","_notes",238945718
"260",NA,1,260,"main","_notes",238947483
"261",NA,1,261,"main","_notes",238947739
"262",NA,1,262,"main","_notes",238947936
"263",NA,1,263,"main","_notes",238948139
"264",NA,1,264,"main","_notes",238948295
"265",NA,1,265,"main","_notes",238948400
"266",NA,1,266,"main","_notes",238948848
"267",NA,1,267,"main","_notes",238948959
"268",NA,1,268,"main","_notes",238949187
"269",NA,1,269,"main","_notes",239312183
"270",NA,1,270,"main","_notes",239312421
"271",NA,1,271,"main","_notes",239312587
"272",NA,1,272,"main","_notes",239312875
"273",NA,1,273,"main","_notes",239531269
"274",NA,1,274,"main","_notes",239531589
"275",NA,1,275,"main","_notes",239532086
"276",NA,1,276,"main","_notes",239532504
"277",NA,1,277,"main","_notes",239532633
"278",NA,1,278,"main","_notes",240077424
"279",NA,1,279,"main","_notes",240077499
"280",NA,1,280,"main","_notes",240077645
"281",NA,1,281,"main","_notes",240077745
"282",NA,1,282,"main","_notes",240077815
"283",NA,1,283,"main","_notes",240077924
"284",NA,1,284,"main","_notes",240078070
"285",NA,1,285,"main","_notes",240078335
"286",NA,1,286,"main","_notes",240078466
"287",NA,1,287,"main","_notes",240078614
"288",NA,1,288,"main","_notes",240079027
"289",NA,1,289,"main","_notes",240205130
"290",NA,1,290,"main","_notes",240219501
"291",NA,1,291,"main","_notes",240227477
"292",NA,1,292,"main","_notes",240246604
"293",NA,1,293,"main","_notes",240255193
"294",NA,1,294,"main","_notes",240275225
"295",NA,1,295,"main","_notes",240772638
"296",NA,1,296,"main","_notes",240772723
"297",NA,1,297,"main","_notes",240772912
"298",NA,1,298,"main","_notes",240773127
"299",NA,1,299,"main","_notes",240773215
"300",NA,1,300,"main","_notes",240773358
"301",NA,1,301,"main","_notes",240773444
"302",NA,1,302,"main","_notes",240773494
"303",NA,1,303,"main","_notes",240773642
"304",NA,1,304,"main","_notes",240773750
"305",NA,1,305,"main","_notes",240773906
"306",NA,1,306,"main","_notes",240804315
"307",NA,1,307,"main","_notes",240804419
"308",NA,1,308,"main","_notes",240804551
"309",NA,1,309,"main","_notes",240804698
"310",NA,1,310,"main","_notes",240804743
"311",NA,1,311,"main","_notes",240804796
"312",NA,1,312,"main","_notes",240804825
"313",NA,1,313,"main","_notes",240804853
"314",NA,1,314,"main","_notes",240804875
"315",NA,1,315,"main","_notes",240804931
"316",NA,1,316,"main","_notes",241264576
"317",NA,1,317,"main","_notes",241264660
"318",NA,1,318,"main","_notes",241264737
"319",NA,1,319,"main","_notes",241264807
"320",NA,1,320,"main","_notes",241264863
"321",NA,1,321,"main","_notes",241264946
"322",NA,1,322,"main","_notes",241265083
"323",NA,1,323,"main","_notes",241265116
"324",NA,1,324,"main","_notes",241265161
