"","notes._notes","notes._index","notes._parent_index","notes._parent_table","notes.Data_type"
"1",NA,1,1,"main","_notes"
"2",NA,1,2,"main","_notes"
"3",NA,1,3,"main","_notes"
"4",NA,1,4,"main","_notes"
"5",NA,1,5,"main","_notes"
"6",NA,1,6,"main","_notes"
"7",NA,1,7,"main","_notes"
"8",NA,1,8,"main","_notes"
"9",NA,1,9,"main","_notes"
"10",NA,1,10,"main","_notes"
"11",NA,1,11,"main","_notes"
"12",NA,1,12,"main","_notes"
"13",NA,1,13,"main","_notes"
"14",NA,1,14,"main","_notes"
"15",NA,1,15,"main","_notes"
"16",NA,1,16,"main","_notes"
"17",NA,1,17,"main","_notes"
"18",NA,1,18,"main","_notes"
"19",NA,1,19,"main","_notes"
"20",NA,1,20,"main","_notes"
"21",NA,1,21,"main","_notes"
"22",NA,1,22,"main","_notes"
"23",NA,1,23,"main","_notes"
"24",NA,1,24,"main","_notes"
"25",NA,1,25,"main","_notes"
"26",NA,1,26,"main","_notes"
"27",NA,1,27,"main","_notes"
"28",NA,1,28,"main","_notes"
"29",NA,1,29,"main","_notes"
"30",NA,1,30,"main","_notes"
"31",NA,1,31,"main","_notes"
"32",NA,1,32,"main","_notes"
"33",NA,1,33,"main","_notes"
"34",NA,1,34,"main","_notes"
"35",NA,1,35,"main","_notes"
"36",NA,1,36,"main","_notes"
"37",NA,1,37,"main","_notes"
"38",NA,1,38,"main","_notes"
"39",NA,1,39,"main","_notes"
"40",NA,1,40,"main","_notes"
"41",NA,1,41,"main","_notes"
"42",NA,1,42,"main","_notes"
"43",NA,1,43,"main","_notes"
"44",NA,1,44,"main","_notes"
"45",NA,1,45,"main","_notes"
"46",NA,1,46,"main","_notes"
"47",NA,1,47,"main","_notes"
"48",NA,1,48,"main","_notes"
"49",NA,1,49,"main","_notes"
"50",NA,1,50,"main","_notes"
"51",NA,1,51,"main","_notes"
"52",NA,1,52,"main","_notes"
"53",NA,1,53,"main","_notes"
"54",NA,1,54,"main","_notes"
"55",NA,1,55,"main","_notes"
"56",NA,1,56,"main","_notes"
"57",NA,1,57,"main","_notes"
"58",NA,1,58,"main","_notes"
"59",NA,1,59,"main","_notes"
"60",NA,1,60,"main","_notes"
"61",NA,1,61,"main","_notes"
"62",NA,1,62,"main","_notes"
"63",NA,1,63,"main","_notes"
"64",NA,1,64,"main","_notes"
"65",NA,1,65,"main","_notes"
"66",NA,1,66,"main","_notes"
"67",NA,1,67,"main","_notes"
"68",NA,1,68,"main","_notes"
"69",NA,1,69,"main","_notes"
"70",NA,1,70,"main","_notes"
"71",NA,1,71,"main","_notes"
"72",NA,1,72,"main","_notes"
"73",NA,1,73,"main","_notes"
"74",NA,1,74,"main","_notes"
"75",NA,1,75,"main","_notes"
"76",NA,1,76,"main","_notes"
"77",NA,1,77,"main","_notes"
"78",NA,1,78,"main","_notes"
"79",NA,1,79,"main","_notes"
"80",NA,1,80,"main","_notes"
"81",NA,1,81,"main","_notes"
"82",NA,1,82,"main","_notes"
"83",NA,1,83,"main","_notes"
"84",NA,1,84,"main","_notes"
"85",NA,1,85,"main","_notes"
"86",NA,1,86,"main","_notes"
"87",NA,1,87,"main","_notes"
"88",NA,1,88,"main","_notes"
"89",NA,1,89,"main","_notes"
"90",NA,1,90,"main","_notes"
"91",NA,1,91,"main","_notes"
"92",NA,1,92,"main","_notes"
"93",NA,1,93,"main","_notes"
"94",NA,1,94,"main","_notes"
"95",NA,1,95,"main","_notes"
"96",NA,1,96,"main","_notes"
"97",NA,1,97,"main","_notes"
"98",NA,1,98,"main","_notes"
"99",NA,1,99,"main","_notes"
"100",NA,1,100,"main","_notes"
"101",NA,1,101,"main","_notes"
"102",NA,1,102,"main","_notes"
"103",NA,1,103,"main","_notes"
"104",NA,1,104,"main","_notes"
